{"cameraMode":{"drawMode":0,"name":"Shaded","section":"Shading Mode"},"sceneLighting":false,"audioPlay":false,"sceneViewState":{"m_AlwaysRefresh":false,"showFog":false,"showSkybox":false,"showFlares":false,"showImageEffects":false,"showParticleSystems":false,"showVisualEffectGraphs":true,"m_FxEnabled":true},"in2DMode":false,"pivot":{"x":-0.15846490859985352,"y":0.36986351013183596,"z":0.16389331221580506},"rotation":{"x":-0.008864081464707852,"y":-0.9848495721817017,"z":0.16490115225315095,"w":-0.05294092744588852},"size":1.3625434637069703,"orthographic":true}